series,n,mean,std,corr
S1,12.0,12.642499999999998,1.4979205282961139,0.9987523467393069
S2,12.0,21.30666666666667,2.0244565301394455,-0.9998492993954295
S3,12.0,14.993333333333332,0.1372677101230449,0.0348996322548777
